<?xml version="1.0" encoding="utf-8"?>
<gmd:MD_Metadata xmlns:gco="http://www.isotc211.org/2005/gco"
                 xmlns:gts="http://www.isotc211.org/2005/gts"
                 xmlns:xs="http://www.w3.org/2001/XMLSchema"
                 xmlns:gml="http://www.opengis.net/gml"
                 xmlns:gsr="http://www.isotc211.org/2005/gsr"
                 xmlns:gmx="http://www.isotc211.org/2005/gmx"
                 xmlns:gss="http://www.isotc211.org/2005/gss"
                 xmlns:xlink="http://www.w3.org/1999/xlink"
                 xmlns:gmd="http://www.isotc211.org/2005/gmd"
                 xmlns:srv="http://www.isotc211.org/2005/srv"
                 xmlns:xsi="http://www.w3.org/2001/XMLSchema-instance"
                 xmlns:xi="http://www.w3.org/2001/XInclude"
                 uuid="IGNF_GEOFLAr_1">
   <gmd:fileIdentifier>
      <gco:CharacterString>IGNF_GEOFLAr_1.xml</gco:CharacterString>
   </gmd:fileIdentifier>
   <gmd:language>
      <gmd:LanguageCode codeList="http://librairies.ign.fr/geoportail/resources/CodeLists.xml#LanguageCode"
                        codeListValue="fre">fre</gmd:LanguageCode>
   </gmd:language>
   <gmd:characterSet>
      <gmd:MD_CharacterSetCode codeList="http://librairies.ign.fr/geoportail/resources/CodeLists.xml#MD_CharacterSetCode"
                               codeListValue="utf8">utf8</gmd:MD_CharacterSetCode>
   </gmd:characterSet>
   <gmd:hierarchyLevel>
      <gmd:MD_ScopeCode codeList="http://librairies.ign.fr/geoportail/resources/CodeLists.xml#MD_ScopeCode"
                        codeListValue="series">series</gmd:MD_ScopeCode>
   </gmd:hierarchyLevel>
   <gmd:hierarchyLevelName>
      <gco:CharacterString>Produit</gco:CharacterString>
   </gmd:hierarchyLevelName>
   <gmd:contact>
      <gmd:CI_ResponsibleParty>
         <gmd:organisationName>
            <gco:CharacterString>Institut national de l'information géographique et forestière (IGN-F)</gco:CharacterString>
         </gmd:organisationName>
         <gmd:contactInfo>
            <gmd:CI_Contact>
               <gmd:address>
                  <gmd:CI_Address>
                     <gmd:deliveryPoint>
                        <gco:CharacterString>IGN - Service Clients</gco:CharacterString>
                     </gmd:deliveryPoint>
                     <gmd:deliveryPoint>
                        <gco:CharacterString>73 avenue de Paris</gco:CharacterString>
                     </gmd:deliveryPoint>
                     <gmd:city>
                        <gco:CharacterString>SAINT-MANDE cedex</gco:CharacterString>
                     </gmd:city>
                     <gmd:postalCode>
                        <gco:CharacterString>94165</gco:CharacterString>
                     </gmd:postalCode>
                     <gmd:country>
                        <gco:CharacterString>FRANCE</gco:CharacterString>
                     </gmd:country>
                     <gmd:electronicMailAddress>
                        <gco:CharacterString>sav.bd@ign.fr</gco:CharacterString>
                     </gmd:electronicMailAddress>
                  </gmd:CI_Address>
               </gmd:address>
            </gmd:CI_Contact>
         </gmd:contactInfo>
         <gmd:role>
            <gmd:CI_RoleCode codeList="http://librairies.ign.fr/geoportail/resources/CodeLists.xml#CI_RoleCode"
                             codeListValue="pointOfContact">pointOfContact</gmd:CI_RoleCode>
         </gmd:role>
      </gmd:CI_ResponsibleParty>
   </gmd:contact>
   <gmd:dateStamp>
      <gco:Date>2011-12-01</gco:Date>
   </gmd:dateStamp>
   <gmd:metadataStandardName>
      <gco:CharacterString>ISO 19115</gco:CharacterString>
   </gmd:metadataStandardName>
   <gmd:metadataStandardVersion>
      <gco:CharacterString>2003 Cor.1:2006</gco:CharacterString>
   </gmd:metadataStandardVersion>
   <gmd:spatialRepresentationInfo>
      <gmd:MD_VectorSpatialRepresentation>
         <gmd:topologyLevel>
            <gmd:MD_TopologyLevelCode codeList="http://librairies.ign.fr/geoportail/resources/CodeLists.xml#MD_TopologyLevelCode"
                                      codeListValue="geometryOnly">geometryOnly</gmd:MD_TopologyLevelCode>
         </gmd:topologyLevel>
      </gmd:MD_VectorSpatialRepresentation>
   </gmd:spatialRepresentationInfo>
   <gmd:referenceSystemInfo>
      <gmd:MD_ReferenceSystem id="IGNF_GEOFLAr_1.referenceSystemInfo.LAMB1">
         <gmd:referenceSystemIdentifier>
            <gmd:RS_Identifier>
               <gmd:code>
                  <gmx:Anchor xlink:href="http://librairies.ign.fr/geoportail/resources/RIG.xml#LAMB1">NTF Lambert I</gmx:Anchor>
               </gmd:code>
               <gmd:codeSpace>
                  <gco:CharacterString>urn:ogc:def:crs:IGNF:1.1</gco:CharacterString>
               </gmd:codeSpace>
            </gmd:RS_Identifier>
         </gmd:referenceSystemIdentifier>
      </gmd:MD_ReferenceSystem>
   </gmd:referenceSystemInfo>
   <gmd:referenceSystemInfo>
      <gmd:MD_ReferenceSystem id="IGNF_GEOFLAr_1.referenceSystemInfo.LAMB2">
         <gmd:referenceSystemIdentifier>
            <gmd:RS_Identifier>
               <gmd:code>
                  <gmx:Anchor xlink:href="http://librairies.ign.fr/geoportail/resources/RIG.xml#LAMB2">NTF Lambert II</gmx:Anchor>
               </gmd:code>
               <gmd:codeSpace>
                  <gco:CharacterString>urn:ogc:def:crs:IGNF:1.1</gco:CharacterString>
               </gmd:codeSpace>
            </gmd:RS_Identifier>
         </gmd:referenceSystemIdentifier>
      </gmd:MD_ReferenceSystem>
   </gmd:referenceSystemInfo>
   <gmd:referenceSystemInfo>
      <gmd:MD_ReferenceSystem id="IGNF_GEOFLAr_1.referenceSystemInfo.LAMB3">
         <gmd:referenceSystemIdentifier>
            <gmd:RS_Identifier>
               <gmd:code>
                  <gmx:Anchor xlink:href="http://librairies.ign.fr/geoportail/resources/RIG.xml#LAMB3">NTF Lambert III</gmx:Anchor>
               </gmd:code>
               <gmd:codeSpace>
                  <gco:CharacterString>urn:ogc:def:crs:IGNF:1.1</gco:CharacterString>
               </gmd:codeSpace>
            </gmd:RS_Identifier>
         </gmd:referenceSystemIdentifier>
      </gmd:MD_ReferenceSystem>
   </gmd:referenceSystemInfo>
   <gmd:referenceSystemInfo>
      <gmd:MD_ReferenceSystem id="IGNF_GEOFLAr_1.referenceSystemInfo.LAMB4">
         <gmd:referenceSystemIdentifier>
            <gmd:RS_Identifier>
               <gmd:code>
                  <gmx:Anchor xlink:href="http://librairies.ign.fr/geoportail/resources/RIG.xml#LAMB4">NTF Lambert IV</gmx:Anchor>
               </gmd:code>
               <gmd:codeSpace>
                  <gco:CharacterString>urn:ogc:def:crs:IGNF:1.1</gco:CharacterString>
               </gmd:codeSpace>
            </gmd:RS_Identifier>
         </gmd:referenceSystemIdentifier>
      </gmd:MD_ReferenceSystem>
   </gmd:referenceSystemInfo>
   <gmd:referenceSystemInfo>
      <gmd:MD_ReferenceSystem id="IGNF_GEOFLAr_1.referenceSystemInfo.LAMBE">
         <gmd:referenceSystemIdentifier>
            <gmd:RS_Identifier>
               <gmd:code>
                  <gmx:Anchor xlink:href="http://librairies.ign.fr/geoportail/resources/RIG.xml#LAMBE">NTF Lambert II etendu</gmx:Anchor>
               </gmd:code>
               <gmd:codeSpace>
                  <gco:CharacterString>urn:ogc:def:crs:IGNF:1.1</gco:CharacterString>
               </gmd:codeSpace>
            </gmd:RS_Identifier>
         </gmd:referenceSystemIdentifier>
      </gmd:MD_ReferenceSystem>
   </gmd:referenceSystemInfo>
   <gmd:referenceSystemInfo>
      <gmd:MD_ReferenceSystem id="IGNF_GEOFLAr_1.referenceSystemInfo.LAMB93">
         <gmd:referenceSystemIdentifier>
            <gmd:RS_Identifier>
               <gmd:code>
                  <gmx:Anchor xlink:href="http://librairies.ign.fr/geoportail/resources/RIG.xml#LAMB93">RGF93 Lambert 93</gmx:Anchor>
               </gmd:code>
               <gmd:codeSpace>
                  <gco:CharacterString>urn:ogc:def:crs:IGNF:1.1</gco:CharacterString>
               </gmd:codeSpace>
            </gmd:RS_Identifier>
         </gmd:referenceSystemIdentifier>
      </gmd:MD_ReferenceSystem>
   </gmd:referenceSystemInfo>
   <gmd:identificationInfo>
      <gmd:MD_DataIdentification>
         <gmd:citation>
            <gmd:CI_Citation>
               <gmd:title>
                  <gco:CharacterString>GEOFLA®</gco:CharacterString>
               </gmd:title>
               <gmd:alternateTitle>
                  <gco:CharacterString>GEOFLA® Communes, GEOFLA® Cantons, GEOFLA® Arrondissements, GEOFLA® Départements</gco:CharacterString>
               </gmd:alternateTitle>
               <gmd:date>
                  <gmd:CI_Date>
                     <gmd:date>
                        <gco:Date>2008-01-01</gco:Date>
                     </gmd:date>
                     <gmd:dateType>
                        <gmd:CI_DateTypeCode codeList="http://librairies.ign.fr/geoportail/resources/CodeLists.xml#CI_DateTypeCode"
                                             codeListValue="publication">publication</gmd:CI_DateTypeCode>
                     </gmd:dateType>
                  </gmd:CI_Date>
               </gmd:date>
               <gmd:edition>
                  <gco:CharacterString>1.2</gco:CharacterString>
               </gmd:edition>
               <gmd:identifier>
                  <gmd:MD_Identifier id="IGNF_GEOFLAr_1.identifier">
                     <gmd:code>
                        <gco:CharacterString>IGNF_GEOFLAr_1</gco:CharacterString>
                     </gmd:code>
                  </gmd:MD_Identifier>
               </gmd:identifier>
               <gmd:series>
                  <gmd:CI_Series>
                     <gmd:name>
                        <gco:CharacterString>DC_GEOFLA.pdf</gco:CharacterString>
                     </gmd:name>
                     <gmd:issueIdentification>
                        <gco:CharacterString>Descriptif de contenu</gco:CharacterString>
                     </gmd:issueIdentification>
                  </gmd:CI_Series>
               </gmd:series>
            </gmd:CI_Citation>
         </gmd:citation>
         <gmd:abstract>
            <gco:CharacterString>GEOFLA® est un produit numérique décrivant le découpage administratif de la France métropolitaine, des départements d'outre mer, ou de la collectivité départementale de Mayotte. Il est dérivé de la Base de Données Cartographiques (BD CARTO®) pour sa partie géométrique, et de la Base de Données Administratives pour sa partie descriptive.</gco:CharacterString>
         </gmd:abstract>
         <gmd:purpose>
            <gco:CharacterString>Il s'inscrit dans les domaines d'application suivants à des échelles de l'ordre de 1:1 000 000 : - cartographie statistique et thématique simple ; - couplage avec des données statistiques (INSEE ou autres) et des informations "utilisateur" ; - localisation d'événements ; - visualisation de l'implantation de réseaux de distribution.</gco:CharacterString>
         </gmd:purpose>
         <gmd:status>
            <gmd:MD_ProgressCode codeList="http://librairies.ign.fr/geoportail/resources/CodeLists.xml#MD_ProgressCode"
                                 codeListValue="onGoing">onGoing</gmd:MD_ProgressCode>
         </gmd:status>
         <gmd:pointOfContact>
            <gmd:CI_ResponsibleParty>
               <gmd:organisationName>
                  <gco:CharacterString>Institut national de l'information géographique et forestière (IGN-F)</gco:CharacterString>
               </gmd:organisationName>
               <gmd:contactInfo>
                  <gmd:CI_Contact>
                     <gmd:address>
                        <gmd:CI_Address>
                           <gmd:deliveryPoint>
                              <gco:CharacterString>IGN - Service Clients</gco:CharacterString>
                           </gmd:deliveryPoint>
                           <gmd:deliveryPoint>
                              <gco:CharacterString>73 avenue de Paris</gco:CharacterString>
                           </gmd:deliveryPoint>
                           <gmd:city>
                              <gco:CharacterString>SAINT-MANDE cedex</gco:CharacterString>
                           </gmd:city>
                           <gmd:postalCode>
                              <gco:CharacterString>94165</gco:CharacterString>
                           </gmd:postalCode>
                           <gmd:country>
                              <gco:CharacterString>FRANCE</gco:CharacterString>
                           </gmd:country>
                           <gmd:electronicMailAddress>
                              <gco:CharacterString>sav.bd@ign.fr</gco:CharacterString>
                           </gmd:electronicMailAddress>
                        </gmd:CI_Address>
                     </gmd:address>
                  </gmd:CI_Contact>
               </gmd:contactInfo>
               <gmd:role>
                  <gmd:CI_RoleCode codeList="http://librairies.ign.fr/geoportail/resources/CodeLists.xml#CI_RoleCode"
                                   codeListValue="pointOfContact">pointOfContact</gmd:CI_RoleCode>
               </gmd:role>
            </gmd:CI_ResponsibleParty>
         </gmd:pointOfContact>
         <gmd:resourceMaintenance>
            <gmd:MD_MaintenanceInformation id="IGNF_GEOFLAr_1.resourceMaintenance_1">
               <gmd:maintenanceAndUpdateFrequency>
                  <gmd:MD_MaintenanceFrequencyCode codeList="http://librairies.ign.fr/geoportail/resources/CodeLists.xml#MD_MaintenanceFrequencyCode"
                                                   codeListValue="annually">annually</gmd:MD_MaintenanceFrequencyCode>
               </gmd:maintenanceAndUpdateFrequency>
               <gmd:maintenanceNote>
                  <gco:CharacterString>Mise à jour annuelle.</gco:CharacterString>
               </gmd:maintenanceNote>
            </gmd:MD_MaintenanceInformation>
         </gmd:resourceMaintenance>
         <gmd:descriptiveKeywords>
            <gmd:MD_Keywords>
               <gmd:keyword>
                  <gco:CharacterString>Unités administratives</gco:CharacterString>
               </gmd:keyword>
               <gmd:thesaurusName>
                  <gmd:CI_Citation>
                     <gmd:title>
                        <gco:CharacterString>GEMET - INSPIRE themes, version 1.0</gco:CharacterString>
                     </gmd:title>
                     <gmd:date>
                        <gmd:CI_Date>
                           <gmd:date>
                              <gco:Date>2008-06-01</gco:Date>
                           </gmd:date>
                           <gmd:dateType>
                              <gmd:CI_DateTypeCode codeList="http://librairies.ign.fr/geoportail/resources/CodeLists.xml#CI_DateTypeCode"
                                                   codeListValue="publication">publication</gmd:CI_DateTypeCode>
                           </gmd:dateType>
                        </gmd:CI_Date>
                     </gmd:date>
                  </gmd:CI_Citation>
               </gmd:thesaurusName>
            </gmd:MD_Keywords>
         </gmd:descriptiveKeywords>
         <gmd:descriptiveKeywords>
            <gmd:MD_Keywords>
               <gmd:keyword>
                  <gco:CharacterString>unités administratives</gco:CharacterString>
               </gmd:keyword>
               <gmd:type>
                  <gmd:MD_KeywordTypeCode codeList="http://librairies.ign.fr/geoportail/resources/CodeLists.xml#MD_KeywordTypeCode"
                                          codeListValue="theme">theme</gmd:MD_KeywordTypeCode>
               </gmd:type>
            </gmd:MD_Keywords>
         </gmd:descriptiveKeywords>
         <gmd:resourceSpecificUsage>
            <gmd:MD_Usage id="IGNF_GEOFLAr_1.resourceSpecificUsage_1">
               <gmd:specificUsage>
                  <gco:CharacterString>Echelles d'affichage</gco:CharacterString>
               </gmd:specificUsage>
               <gmd:userDeterminedLimitations>
                  <gco:CharacterString>Echelles voisines du 1:1 000 000</gco:CharacterString>
               </gmd:userDeterminedLimitations>
               <gmd:userContactInfo>
                  <gmd:CI_ResponsibleParty>
                     <gmd:organisationName>
                        <gco:CharacterString>Institut national de l'information géographique et forestière (IGN-F)</gco:CharacterString>
                     </gmd:organisationName>
                     <gmd:contactInfo>
                        <gmd:CI_Contact>
                           <gmd:address>
                              <gmd:CI_Address>
                                 <gmd:electronicMailAddress>
                                    <gco:CharacterString>sav.bd@ign.fr</gco:CharacterString>
                                 </gmd:electronicMailAddress>
                              </gmd:CI_Address>
                           </gmd:address>
                        </gmd:CI_Contact>
                     </gmd:contactInfo>
                     <gmd:role>
                        <gmd:CI_RoleCode codeList="http://librairies.ign.fr/geoportail/resources/CodeLists.xml#CI_RoleCode"
                                         codeListValue="custodian">custodian</gmd:CI_RoleCode>
                     </gmd:role>
                  </gmd:CI_ResponsibleParty>
               </gmd:userContactInfo>
            </gmd:MD_Usage>
         </gmd:resourceSpecificUsage>
         <gmd:resourceConstraints>
            <gmd:MD_Constraints>
               <gmd:useLimitation>
                  <gco:CharacterString>Base de données soumise aux conditions de la licence ouverte Etalab</gco:CharacterString>
               </gmd:useLimitation>
            </gmd:MD_Constraints>
         </gmd:resourceConstraints>
         <gmd:resourceConstraints>
            <gmd:MD_LegalConstraints>
               <gmd:accessConstraints>
                  <gmd:MD_RestrictionCode codeList="http://librairies.ign.fr/geoportail/resources/CodeLists.xml#MD_RestrictionCode"
                                          codeListValue="license">license</gmd:MD_RestrictionCode>
               </gmd:accessConstraints>
               <gmd:useConstraints>
                  <gmd:MD_RestrictionCode codeList="http://librairies.ign.fr/geoportail/resources/CodeLists.xml#MD_RestrictionCode"
                                          codeListValue="license">license</gmd:MD_RestrictionCode>
               </gmd:useConstraints>
            </gmd:MD_LegalConstraints>
         </gmd:resourceConstraints>
         <gmd:resourceConstraints>
            <gmd:MD_SecurityConstraints>
               <gmd:useLimitation>
                  <gco:CharacterString>Aucune contrainte</gco:CharacterString>
               </gmd:useLimitation>
               <gmd:classification>
                  <gmd:MD_ClassificationCode codeList="http://librairies.ign.fr/geoportail/resources/CodeLists.xml#MD_ClassificationCode"
                                             codeListValue="unclassified">unclassified</gmd:MD_ClassificationCode>
               </gmd:classification>
            </gmd:MD_SecurityConstraints>
         </gmd:resourceConstraints>
         <gmd:spatialRepresentationType>
            <gmd:MD_SpatialRepresentationTypeCode codeList="http://librairies.ign.fr/geoportail/resources/CodeLists.xml#MD_SpatialRepresentationTypeCode"
                                                  codeListValue="vector">vector</gmd:MD_SpatialRepresentationTypeCode>
         </gmd:spatialRepresentationType>
         <gmd:spatialResolution>
            <gmd:MD_Resolution>
               <gmd:equivalentScale>
                  <gmd:MD_RepresentativeFraction id="IGNF_GEOFLAr_1.spatialResolution_1">
                     <gmd:denominator>
                        <gco:Integer>1000000</gco:Integer>
                     </gmd:denominator>
                  </gmd:MD_RepresentativeFraction>
               </gmd:equivalentScale>
            </gmd:MD_Resolution>
         </gmd:spatialResolution>
         <gmd:language>
            <gmd:LanguageCode codeList="http://librairies.ign.fr/geoportail/resources/CodeLists.xml#LanguageCode"
                              codeListValue="fre">fre</gmd:LanguageCode>
         </gmd:language>
         <gmd:topicCategory>
            <gmd:MD_TopicCategoryCode>boundaries</gmd:MD_TopicCategoryCode>
         </gmd:topicCategory>
         <gmd:extent>
            <gmd:EX_Extent>
               <gmd:description>
                  <gco:CharacterString>France</gco:CharacterString>
               </gmd:description>
               <gmd:geographicElement>
                  <gmd:EX_GeographicBoundingBox>
                     <gmd:westBoundLongitude>
                        <gco:Decimal>-180.0</gco:Decimal>
                     </gmd:westBoundLongitude>
                     <gmd:eastBoundLongitude>
                        <gco:Decimal>180.0</gco:Decimal>
                     </gmd:eastBoundLongitude>
                     <gmd:southBoundLatitude>
                        <gco:Decimal>-90.0</gco:Decimal>
                     </gmd:southBoundLatitude>
                     <gmd:northBoundLatitude>
                        <gco:Decimal>90.0</gco:Decimal>
                     </gmd:northBoundLatitude>
                  </gmd:EX_GeographicBoundingBox>
               </gmd:geographicElement>
               <gmd:geographicElement>
                  <gmd:EX_GeographicDescription>
                     <gmd:geographicIdentifier>
                        <gmd:MD_Identifier>
                           <gmd:authority>
                              <gmd:CI_Citation>
                                 <gmd:title>
                                    <gco:CharacterString>ISO 3166 alpha 3</gco:CharacterString>
                                 </gmd:title>
                                 <gmd:date>
                                    <gmd:CI_Date>
                                       <gmd:date>
                                          <gco:Date>1974</gco:Date>
                                       </gmd:date>
                                       <gmd:dateType>
                                          <gmd:CI_DateTypeCode codeList="http://librairies.ign.fr/geoportail/resources/CodeLists.xml#CI_DateTypeCode"
                                                               codeListValue="publication">publication</gmd:CI_DateTypeCode>
                                       </gmd:dateType>
                                    </gmd:CI_Date>
                                 </gmd:date>
                              </gmd:CI_Citation>
                           </gmd:authority>
                           <gmd:code>
                              <gco:CharacterString>FXX</gco:CharacterString>
                           </gmd:code>
                        </gmd:MD_Identifier>
                     </gmd:geographicIdentifier>
                  </gmd:EX_GeographicDescription>
               </gmd:geographicElement>
            </gmd:EX_Extent>
         </gmd:extent>
         <gmd:supplementalInformation>
            <gco:CharacterString>La géométrie de la BD CARTO®, de précision décamétrique, subit lors de la constitution de GEOFLA® un allégement qui induit un écart maximum entre GEOFLA® et la BD CARTO® de 500 mètres.</gco:CharacterString>
         </gmd:supplementalInformation>
      </gmd:MD_DataIdentification>
   </gmd:identificationInfo>
   <gmd:contentInfo/>
   <gmd:distributionInfo>
      <gmd:MD_Distribution>
         <gmd:distributionFormat>
            <gmd:MD_Format id="IGNF_GEOFLAr_1.distributionFormat.Shapefile">
               <gmd:name>
                  <gco:CharacterString>SHP</gco:CharacterString>
               </gmd:name>
               <gmd:version>
                  <gco:CharacterString>1.0</gco:CharacterString>
               </gmd:version>
               <gmd:formatDistributor>
                  <gmd:MD_Distributor>
                     <gmd:distributorContact>
                        <gmd:CI_ResponsibleParty>
                           <gmd:organisationName>
                              <gco:CharacterString>ESRI</gco:CharacterString>
                           </gmd:organisationName>
                           <gmd:contactInfo>
                              <gmd:CI_Contact>
                                 <gmd:onlineResource>
                                    <gmd:CI_OnlineResource>
                                       <gmd:linkage>
                                          <gmd:URL>http://www.esri.com/</gmd:URL>
                                       </gmd:linkage>
                                       <gmd:protocol>
                                          <gco:CharacterString>HTTP</gco:CharacterString>
                                       </gmd:protocol>
                                    </gmd:CI_OnlineResource>
                                 </gmd:onlineResource>
                              </gmd:CI_Contact>
                           </gmd:contactInfo>
                           <gmd:role>
                              <gmd:CI_RoleCode codeList="http://librairies.ign.fr/geoportail/resources/CodeLists.xml#CI_RoleCode"
                                               codeListValue="originator">originator</gmd:CI_RoleCode>
                           </gmd:role>
                        </gmd:CI_ResponsibleParty>
                     </gmd:distributorContact>
                  </gmd:MD_Distributor>
               </gmd:formatDistributor>
            </gmd:MD_Format>
         </gmd:distributionFormat>
         <gmd:distributionFormat>
            <gmd:MD_Format id="IGNF_GEOFLAr_1.distributionFormat.MapInfo">
               <gmd:name>
                  <gco:CharacterString>MIF/MID</gco:CharacterString>
               </gmd:name>
               <gmd:version>
                  <gco:CharacterString>4.5</gco:CharacterString>
               </gmd:version>
               <gmd:formatDistributor>
                  <gmd:MD_Distributor>
                     <gmd:distributorContact>
                        <gmd:CI_ResponsibleParty>
                           <gmd:organisationName>
                              <gco:CharacterString>MapInfo</gco:CharacterString>
                           </gmd:organisationName>
                           <gmd:contactInfo>
                              <gmd:CI_Contact>
                                 <gmd:onlineResource>
                                    <gmd:CI_OnlineResource>
                                       <gmd:linkage>
                                          <gmd:URL>http://www.mapinfo.com/</gmd:URL>
                                       </gmd:linkage>
                                       <gmd:protocol>
                                          <gco:CharacterString>HTTP</gco:CharacterString>
                                       </gmd:protocol>
                                    </gmd:CI_OnlineResource>
                                 </gmd:onlineResource>
                              </gmd:CI_Contact>
                           </gmd:contactInfo>
                           <gmd:role>
                              <gmd:CI_RoleCode codeList="http://librairies.ign.fr/geoportail/resources/CodeLists.xml#CI_RoleCode"
                                               codeListValue="originator">originator</gmd:CI_RoleCode>
                           </gmd:role>
                        </gmd:CI_ResponsibleParty>
                     </gmd:distributorContact>
                  </gmd:MD_Distributor>
               </gmd:formatDistributor>
            </gmd:MD_Format>
         </gmd:distributionFormat>
         <gmd:distributionFormat>
            <gmd:MD_Format id="IGNF_GEOFLAr_1.distributionFormat.Geoconcept50">
               <gmd:name>
                  <gco:CharacterString>GXT</gco:CharacterString>
               </gmd:name>
               <gmd:version>
                  <gco:CharacterString>5.0</gco:CharacterString>
               </gmd:version>
               <gmd:formatDistributor>
                  <gmd:MD_Distributor>
                     <gmd:distributorContact>
                        <gmd:CI_ResponsibleParty>
                           <gmd:organisationName>
                              <gco:CharacterString>Géoconcept</gco:CharacterString>
                           </gmd:organisationName>
                           <gmd:contactInfo>
                              <gmd:CI_Contact>
                                 <gmd:onlineResource>
                                    <gmd:CI_OnlineResource>
                                       <gmd:linkage>
                                          <gmd:URL>http://www.geoconcept.com/</gmd:URL>
                                       </gmd:linkage>
                                       <gmd:protocol>
                                          <gco:CharacterString>HTTP</gco:CharacterString>
                                       </gmd:protocol>
                                    </gmd:CI_OnlineResource>
                                 </gmd:onlineResource>
                              </gmd:CI_Contact>
                           </gmd:contactInfo>
                           <gmd:role>
                              <gmd:CI_RoleCode codeList="http://librairies.ign.fr/geoportail/resources/CodeLists.xml#CI_RoleCode"
                                               codeListValue="originator">originator</gmd:CI_RoleCode>
                           </gmd:role>
                        </gmd:CI_ResponsibleParty>
                     </gmd:distributorContact>
                  </gmd:MD_Distributor>
               </gmd:formatDistributor>
            </gmd:MD_Format>
         </gmd:distributionFormat>
         <gmd:distributor>
            <gmd:MD_Distributor>
               <gmd:distributorContact>
                  <gmd:CI_ResponsibleParty>
                     <gmd:organisationName>
                        <gco:CharacterString>Institut national de l'information géographique et forestière (IGN-F)</gco:CharacterString>
                     </gmd:organisationName>
                     <gmd:contactInfo>
                        <gmd:CI_Contact>
                           <gmd:address>
                              <gmd:CI_Address>
                                 <gmd:deliveryPoint>
                                    <gco:CharacterString>IGN - DC</gco:CharacterString>
                                 </gmd:deliveryPoint>
                                 <gmd:deliveryPoint>
                                    <gco:CharacterString>73 avenue de Paris</gco:CharacterString>
                                 </gmd:deliveryPoint>
                                 <gmd:city>
                                    <gco:CharacterString>SAINT-MANDE cedex</gco:CharacterString>
                                 </gmd:city>
                                 <gmd:postalCode>
                                    <gco:CharacterString>94165</gco:CharacterString>
                                 </gmd:postalCode>
                                 <gmd:country>
                                    <gco:CharacterString>FRANCE</gco:CharacterString>
                                 </gmd:country>
                                 <gmd:electronicMailAddress>
                                    <gco:CharacterString>sav.bd@ign.fr</gco:CharacterString>
                                 </gmd:electronicMailAddress>
                              </gmd:CI_Address>
                           </gmd:address>
                        </gmd:CI_Contact>
                     </gmd:contactInfo>
                     <gmd:role>
                        <gmd:CI_RoleCode codeList="http://librairies.ign.fr/geoportail/resources/CodeLists.xml#CI_RoleCode"
                                         codeListValue="distributor">distributor</gmd:CI_RoleCode>
                     </gmd:role>
                  </gmd:CI_ResponsibleParty>
               </gmd:distributorContact>
               <gmd:distributionOrderProcess>
                  <gmd:MD_StandardOrderProcess>
                     <gmd:fees>
                        <gco:CharacterString>Voir catalogue des prix IGN</gco:CharacterString>
                     </gmd:fees>
                     <gmd:orderingInstructions>
                        <gco:CharacterString>Voir site internet www.ign.fr</gco:CharacterString>
                     </gmd:orderingInstructions>
                  </gmd:MD_StandardOrderProcess>
               </gmd:distributionOrderProcess>
            </gmd:MD_Distributor>
         </gmd:distributor>
         <gmd:transferOptions>
            <gmd:MD_DigitalTransferOptions>
               <gmd:unitsOfDistribution>
                  <gco:CharacterString>France</gco:CharacterString>
               </gmd:unitsOfDistribution>
               <gmd:onLine>
                  <gmd:CI_OnlineResource>
                     <gmd:linkage>
                        <gmd:URL>http://www.ign.fr/</gmd:URL>
                     </gmd:linkage>
                     <gmd:function>
                        <gmd:CI_OnLineFunctionCode codeList="http://librairies.ign.fr/geoportail/resources/CodeLists.xml#CI_OnLineFunctionCode"
                                                   codeListValue="information">information</gmd:CI_OnLineFunctionCode>
                     </gmd:function>
                  </gmd:CI_OnlineResource>
               </gmd:onLine>
               <gmd:onLine>
                  <gmd:CI_OnlineResource>
                     <gmd:linkage>
                        <gmd:URL>http://www.geoportail.fr/</gmd:URL>
                     </gmd:linkage>
                     <gmd:function>
                        <gmd:CI_OnLineFunctionCode codeList="http://librairies.ign.fr/geoportail/resources/CodeLists.xml#CI_OnLineFunctionCode"
                                                   codeListValue="information">information</gmd:CI_OnLineFunctionCode>
                     </gmd:function>
                  </gmd:CI_OnlineResource>
               </gmd:onLine>
               <gmd:onLine>
                  <gmd:CI_OnlineResource>
                     <gmd:linkage>
                        <gmd:URL>http://professionnels.ign.fr/sites/default/files/DL_GEOFLA_edi.pdf</gmd:URL>
                     </gmd:linkage>
                  </gmd:CI_OnlineResource>
               </gmd:onLine>
               <gmd:onLine>
                  <gmd:CI_OnlineResource>
                     <gmd:linkage>
                        <gmd:URL>http://professionnels.ign.fr/sites/default/files/DL_GEOFLA_ai.pdf</gmd:URL>
                     </gmd:linkage>
                  </gmd:CI_OnlineResource>
               </gmd:onLine>
               <gmd:onLine>
                  <gmd:CI_OnlineResource>
                     <gmd:linkage>
                        <gmd:URL>http://professionnels.ign.fr/sites/default/files/DL_GEOFLA.pdf</gmd:URL>
                     </gmd:linkage>
                  </gmd:CI_OnlineResource>
               </gmd:onLine>
            </gmd:MD_DigitalTransferOptions>
         </gmd:transferOptions>
      </gmd:MD_Distribution>
   </gmd:distributionInfo>
   <gmd:dataQualityInfo>
      <gmd:DQ_DataQuality>
         <gmd:scope>
            <gmd:DQ_Scope>
               <gmd:level>
                  <gmd:MD_ScopeCode codeList="http://librairies.ign.fr/geoportail/resources/CodeLists.xml#MD_ScopeCode"
                                    codeListValue="series">series</gmd:MD_ScopeCode>
               </gmd:level>
            </gmd:DQ_Scope>
         </gmd:scope>
         <gmd:lineage>
            <gmd:LI_Lineage>
               <gmd:statement>
                  <gco:CharacterString>Lors de la constitution de GEOFLA®, la géométrie, issue de la BD CARTO®, est simplifiée par suppression et répartition des points intermédiaires. Les propriétés de cette opération de "généralisation" sont les suivantes : - la topologie et les relations de voisinage entre les communes, les cantons, les arrondissements et les départements sont conservées ; - les sommets du graphe des limites communales, cantonales, d'arrondissements et départementales ne sont pas déplacés ; - entre une limite généralisée de la classe Limites (communales, cantonales, d'arrondissements et départementales)</gco:CharacterString>
               </gmd:statement>
               <gmd:source>
                  <gmd:LI_Source>
                     <gmd:description>
                        <gco:CharacterString>GEOFLA® est dérivé de la Base de Données Cartographiques (BD CARTO®) pour sa partie géométrique, et de la Base de Données Administratives pour sa partie descriptive</gco:CharacterString>
                     </gmd:description>
                  </gmd:LI_Source>
               </gmd:source>
            </gmd:LI_Lineage>
         </gmd:lineage>
      </gmd:DQ_DataQuality>
   </gmd:dataQualityInfo>
   <gmd:dataQualityInfo>
      <gmd:DQ_DataQuality>
         <gmd:scope>
            <gmd:DQ_Scope>
               <gmd:level>
                  <gmd:MD_ScopeCode codeList="http://librairies.ign.fr/geoportail/resources/CodeLists.xml#MD_ScopeCode"
                                    codeListValue="series">series</gmd:MD_ScopeCode>
               </gmd:level>
            </gmd:DQ_Scope>
         </gmd:scope>
         <gmd:lineage>
            <gmd:LI_Lineage>
               <gmd:statement>
                  <gco:CharacterString>Produit par l'Institut national de l'information géographique et forestière (IGN-F)</gco:CharacterString>
               </gmd:statement>
            </gmd:LI_Lineage>
         </gmd:lineage>
      </gmd:DQ_DataQuality>
   </gmd:dataQualityInfo>
   <gmd:metadataConstraints>
      <gmd:MD_SecurityConstraints>
         <gmd:useLimitation>
            <gco:CharacterString>Aucune contrainte</gco:CharacterString>
         </gmd:useLimitation>
         <gmd:classification>
            <gmd:MD_ClassificationCode codeList="http://librairies.ign.fr/geoportail/resources/CodeLists.xml#MD_ClassificationCode"
                                       codeListValue="unclassified">unclassified</gmd:MD_ClassificationCode>
         </gmd:classification>
      </gmd:MD_SecurityConstraints>
   </gmd:metadataConstraints>
</gmd:MD_Metadata>